epoch,train_loss,val_loss,train_iou,val_iou,elapsed_seconds
1,0.1533555838589867,0.0709865778684616,0.8537523473795103,0.9270481781382012,6.6305821999994805
2,0.0815087149597027,0.0773514860868454,0.9233131855853011,0.9231191950989505,13.098372599997674
3,0.06594910416187662,0.06312018662691116,0.9370163507298521,0.9314729261222933,19.72423140000319
4,0.05773415605565815,0.05180489376187324,0.945497378412057,0.9431194389255124,26.309742999990704
5,0.051846093328839,0.04789242565631866,0.9512985897935219,0.9462547228413277,33.151647499995306
6,0.04783571408497113,0.040618163645267484,0.9552146181440205,0.9556690964161778,40.24733959999867
7,0.04565043156176354,0.03729690313339233,0.9570007765256896,0.9585611570938884,46.85534929999267
8,0.04381508735770529,0.037163881361484526,0.9587021977976236,0.959249780390567,53.33080389999668
9,0.0400836352456474,0.038811106011271475,0.9627491909921253,0.9559153248520611,59.70438809999905
10,0.03897220503087297,0.043467853292822836,0.9635025883269488,0.9548994624945877,66.29472320000059
11,0.03969041759035352,0.036177942901849745,0.9627869365173899,0.9601766573149877,72.84335719999217
12,0.037959194728032206,0.038560815006494525,0.9643294619864594,0.956496085328492,79.58241020000423
13,0.036095473844783774,0.036569830179214474,0.9661415405503125,0.9604230495401544,86.03157500000088
14,0.03448612526567145,0.0359786556661129,0.9676165334371828,0.9609562577521846,93.59082929999568
15,0.034368813785752565,0.05354099452495575,0.9677303346226726,0.9450120770803095,101.6837555999955
16,0.033777485248830286,0.034868439957499504,0.9683541109124086,0.9636285436196343,109.19334070000332
17,0.032627101162109866,0.043288117349147795,0.9692318042759194,0.9547821467271764,116.37447850000171
18,0.031896913311246666,0.03391814358532429,0.9698006918102928,0.9630428808005356,129.4171886999975
19,0.03090140303935517,0.03377776078879833,0.9709208153634293,0.9638927888583947,139.98869969999942
20,0.030250390102578836,0.03297913044691086,0.9715043764836845,0.9656955098643512,149.61653089999163
21,0.028819354363914692,0.035128194019198415,0.9730525454008578,0.9641703011887299,159.9475020999962
22,0.028912344566461714,0.041154341325163844,0.972390181771507,0.9586705979954707,170.85710989999643
23,0.02809035945965937,0.03728971935808659,0.9731058390988079,0.9623794289224077,182.30424240000139
24,0.027185447591667373,0.04022229634225369,0.9738274795289099,0.9590520695385186,194.05252359999577
25,0.027396063151007347,0.03647638007998467,0.9735160599910161,0.9605468947785922,206.36787499999627
26,0.026868174974383277,0.03622013509273529,0.9739311056656976,0.9628638875867702,215.69251179999264
27,0.026295648400925777,0.037509672492742535,0.9745524190519862,0.9600559628343596,223.18187610000314
28,0.024933624878582177,0.037198270708322524,0.9752100194259625,0.9624162339133236,230.57690659999207
29,0.022712556334833305,0.038867970481514934,0.9773190568193211,0.9636947349110255,238.0491544999968
30,0.022217212181369014,0.04007854901254177,0.9783222136286781,0.9594843744770107,245.41562149999663
