epoch,train_loss,train_iou,elapsed_seconds
1,0.12046841271604561,0.891201966604266,3.1076857000007294
2,0.04903540591245706,0.9549329256287539,5.857255900002201
3,0.04005279017833886,0.9630831524043296,8.558242500002962
4,0.03558422221354976,0.9674043816940165,11.29046780000499
5,0.031677147223123196,0.9711679916693069,13.938698400001158
6,0.029245900299274274,0.9730702276337206,16.753605699996115
7,0.027002229985730413,0.9755913781237188,19.477253000004566
8,0.025498745659374454,0.9767177998758217,22.162687000003643
9,0.02489234963308872,0.9775322033898305,24.808318600000348
10,0.02319591612214559,0.978998661510088,27.593270099998335
11,0.02309501572633805,0.9790985856417658,30.40446370000427
12,0.021751918281577583,0.9797327732274661,33.115425900003174
13,0.021002406317319464,0.9802483369521879,35.821618900008616
14,0.020356249075147725,0.9811471483039965,38.59094609999738
15,0.01963338194546261,0.9812664187464261,41.286380400008056
16,0.0180854821118161,0.9826025695693283,43.9709431000083
17,0.018436844541353452,0.9822282084867657,47.11597759999859
18,0.019533110792077146,0.981048431922331,50.41166850000445
19,0.016879676331091734,0.9835096810898725,53.51645860000281
20,0.01610762312072883,0.9846579324295383,56.61268069999642
21,0.015740805060743584,0.9848689138576779,59.7572208000056
22,0.01483344288868351,0.9859387216726825,62.90997970000899
23,0.014801689884495456,0.9858978155366871,66.07967069999722
24,0.014395977810802001,0.9862826111741758,69.290216399997
25,0.014210368346603431,0.9863363058208874,72.6953904999973
26,0.013769462901590155,0.9869827180084798,75.70824380000704
27,0.013863301317641038,0.9865701685453143,78.49625160000869
28,0.013633415173389094,0.9870478301675091,81.2315249999956
29,0.012911712877977525,0.9877796946722048,83.94338759999664
30,0.012986732571605982,0.9877363919592007,86.64996150000661
31,0.012387714194196786,0.9882918973776182,89.52066799999739
32,0.013173643929033202,0.9874500077507363,92.37224169999536
33,0.012778212005893389,0.9878556773157946,95.2550695999962
34,0.012155807901190242,0.9884944091240713,97.94039950000297
35,0.012417646520189864,0.9881364574119539,100.65688170000794
36,0.012231564187552786,0.9883633647605613,103.44610850000754
37,0.011598431914169533,0.9890764031193255,106.25702000000456
38,0.011845270200480712,0.9888419090499552,109.1783337000088
39,0.011359957547341412,0.9892939653171153,112.04656070000783
40,0.011533245954405457,0.9890280516972387,115.21714639999846
41,0.011445084400748541,0.9892303204463782,118.17968349999865
42,0.01992390463990262,0.9815496011292479,121.3534714999987
43,0.02154030947277265,0.9818056095769048,124.24696000000404
44,0.015900162143000947,0.9863097162006026,127.16411660000449
45,0.014651784477769103,0.9870460030427521,130.20200150000164
46,0.012950291788744331,0.9877534171176956,133.08321189999697
47,0.01155466621361465,0.9892067400780451,136.0110582000052
48,0.010417560673429577,0.9902248495724691,139.0838458000071
49,0.010170436409546853,0.990475823770446,142.15380820000428
50,0.009832536102178206,0.9909401743382799,145.1391924000054
